{"cameraMode":{"drawMode":0,"name":"Shaded","section":"Shading Mode"},"sceneLighting":false,"audioPlay":false,"sceneViewState":{"m_AlwaysRefresh":false,"showFog":true,"showSkybox":false,"showFlares":true,"showImageEffects":true,"showParticleSystems":true,"showVisualEffectGraphs":true,"m_FxEnabled":true},"in2DMode":false,"pivot":{"x":0.3398117423057556,"y":0.793166995048523,"z":0.046092689037323},"rotation":{"x":0.0006401309510692954,"y":-0.9947851896286011,"z":0.10182132571935654,"w":0.006262701936066151},"size":2.014922618865967,"orthographic":false}