{"cameraMode":{"drawMode":0,"name":"Shaded","section":"Shading Mode"},"sceneLighting":true,"audioPlay":false,"sceneViewState":{"m_AlwaysRefresh":false,"showFog":true,"showSkybox":true,"showFlares":true,"showImageEffects":true,"showParticleSystems":true,"showVisualEffectGraphs":true,"m_FxEnabled":true},"in2DMode":false,"pivot":{"x":1.9182195663452149,"y":0.2424018383026123,"z":0.03949356824159622},"rotation":{"x":0.17268501222133637,"y":-0.3102473318576813,"z":0.05741776153445244,"w":0.9330753684043884},"size":6.172549247741699,"orthographic":true}